{
   "abstract" : "unknown",
   "author" : [
      "Pascal DANEK <hunal@users.sourceforge.net>"
   ],
   "dynamic_config" : 0,
   "generated_by" : "ExtUtils::MakeMaker version 7.34, CPAN::Meta::Converter version 2.150010",
   "license" : [
      "unknown"
   ],
   "meta-spec" : {
      "url" : "http://search.cpan.org/perldoc?CPAN::Meta::Spec",
      "version" : 2
   },
   "name" : "Apache-Ocsinventory",
   "no_index" : {
      "directory" : [
         "t",
         "inc"
      ]
   },
   "prereqs" : {
      "build" : {
         "requires" : {
            "ExtUtils::MakeMaker" : "0"
         }
      },
      "configure" : {
         "requires" : {
            "ExtUtils::MakeMaker" : "0"
         }
      },
      "runtime" : {
         "requires" : {
            "Apache::DBI" : "0.93",
            "Compress::Zlib" : "1.33",
            "DBD::mysql" : "2.9004",
            "DBI" : "1.4",
            "Net::IP" : "1.21",
            "XML::Simple" : "2.12"
         }
      }
   },
   "release_status" : "stable",
   "version" : "v2.9.2",
   "x_serialization_backend" : "JSON::PP version 2.97001"
}
